Title,Link,Snippet
"Best Tech Companies and Startups in Bangalore Urban, India 2025 ...",https://wellfound.com/startups/location/bangalore-urban,"Top Tech Startups in Bangalore Urban, India in 2025 · Rippling · Springworks · OneHash · Swym · QuillAudits · FreJun · Moshi Moshi · ToolJet."
24 Startup Companies in Bangalore to Know | Built In,https://builtin.com/articles/startup-companies-in-bangalore,"From wealth management services to grocery delivery, the startups here are involved in just about everything, and many have garnered the attention of prominent ..."
"list of startup companies in Bangalore, Chennai, Hyderabad, India ...",http://10000startups.com/our-startups,Our Startups Select Location Bangalore Chennai Gurgaon Hyderabad Kerala Kochi Kolkata Mumbai Noida Pune TechWe Tripura Vizag
I'm an American Who Moved to India to Launch My Tech Startup ...,https://www.businessinsider.com/american-moved-india-startup-founder-bengaluru-2024-12,"Dec 12, 2024 ... Spencer Schneier moved to Bengaluru, India, from Seattle and launched a company. He said access to amazing talent was a major perk."
How to keep up with Bangalore's tech startup scene? : r/bangalore,https://www.reddit.com/r/bangalore/comments/ohp8k1/how_to_keep_up_with_bangalores_tech_startup_scene/,"Jul 10, 2021 ... Comments Section ... You should try: ... Thanks! ... Try following k-tech for and startup karnataka website. They conduct workshops n seminars to ..."
Top 29 Bangalore Startups — Newly Funded & Hiring,https://topstartups.io/?hq_location=Bangalore,Find Bangalore Startups. Track newest startups funded by top investors. Powerful filters. Updates daily.
Top 299 Startups in Bengaluru in 2024,https://www.failory.com/startups/bengaluru,"Whether you're looking to start your own business, or just interested in learning about fast-growing startups from Bengaluru, here's an extensive list of 299 ..."
The financial requirements of tech startups over its lifecycle in ...,https://onlinelibrary.wiley.com/doi/abs/10.1002/ijfe.2362,"Dec 1, 2020 ... ... tech startup and their determinants based on primary data gathered from 93 tech startups in Bangalore. Our findings suggest that, out of the ..."
Bengaluru Tech Summit 2024 | Asia's Largest Tech Conclave,https://www.bengalurutechsummit.com/,"The three-day Bengaluru Tech Summit (BTS) 2024, held at the historic Bangalore Palace from 19-21 November 2024, concluded with unprecedented success."
Anshul Saxena on LinkedIn: 21 Top Startups In Bangalore Ranked ...,https://www.linkedin.com/posts/anshulsaxena2807_21-top-startups-in-bangalore-ranked-2024-activity-7167737914720808960-1yD9,"Feb 25, 2024 ... I am happy to share that COGNECTO has been selected as one of the Top Startups in Bangalore to watch for! This recognition is a testament ..."
